Business Name,SIC2 Category,SIC4 Category,SIC8 Category,Contact Name,State Code,City,ZIP Code,Address,Phone,Web,Coordinates,Location Type,Market Variable,Annual Revenue,SIC,NAICS,Industry
Smart & Final,Shopping & Stores,Grocery Stores,Food Stores,Eric Hofmeister,CA,Bellflower,90706,15930 Bellflower Boulevard,Not in Sample,smartandfinal.com,"33.88847,-118.12523",Branch,B2C,$5.000.000 to $9.999.999,5411,4451100,Retail Trade
Alicetheclown.com,Travel & Leisure,"Bands, Orchestras, Actors, and Other Entertainers and Entertainment Groups",Clowns,,CA,Los Angeles,90028,,Not in Sample,alicetheclown.com,,Single Location,B2C,$100.000 to $499.999,7929,7115100,"Arts, Entertainment, and Recreation"
Standard Development,Real Estate,Real Estate Agents and Managers,Real Estate,,CA,Los Angeles,90015,901 South Broadway,Not in Sample,,"34.042321,-118.256155",Single Location,BOTH,$500.000 to $999.999,6531,5312100,Real Estate and Rental and Leasing
Rodeway Inn-Near Venice Beach,Travel & Leisure,Hotels and Motels,Hotels and Motels,"Sila Patel, Owner",CA,Los Angeles,90066,11933 West Washington Boulevard,Not in Sample,rodewayinn.com,"33.99785,-118.42089",Branch,B2C,$100.000 to $499.999,7011,7211100,Accommodation and Food Services
Oto Development LLC,Professional Services,"Business Consulting Services, NEC",Business Consultants,Michael Gallen,CA,Redondo Beach,90278,1930 Nelson Avenue,Not in Sample,otodevelopment.com,"33.874587,-118.377549",Branch,B2B,Unknown,8748,541618,"Professional, Scientific, and Technical Services"
Cole-Haan Company Store LLC,Shopping & Stores,Shoe Stores,Shoe Stores,Almichael Concordia,CA,Beverly Hills,90210,260 North Rodeo Drive,Not in Sample,colehaan.com,"34.06768,-118.401229",Branch,B2C,Unknown,5661,448210,Retail Trade
Iglesia Cristiana Gethsemane,Associations/Non-Profits,Religious Organizations,Christian and Reformed Church,Ramon A Florimon,CA,Paramount,90723,14613 Orange Avenue,Not in Sample,,"33.9008,-118.17759",Single Location,B2C,Unknown,8661,8131100,Other Services (except Public Administration)
Vriksha LLC,Computer Software,Computer Programming Services,Computer Services,Vijay Sukumar,CA,Altadena,91001,2400 Lincoln Avenue # 217,Not in Sample,vrikshallc.com,"34.187012,-118.159554",Single Location,BOTH,$100.000 to $499.999,7371,541511,"Professional, Scientific, and Technical Services"
Solutions,Healthcare,Offices and Clinics of Doctors of Medicine,Internal Medicine Doctors,Richard Paliani,CA,Marina Del Rey,90292,4712 Admiralty Way,Not in Sample,,"33.979514,-118.439688",Single Location,B2C,$100.000 to $499.999,8011,621111,Health Care and Social Assistance
Hoffner Richard MD,Healthcare,Offices and Clinics of Doctors of Medicine,Doctors,Richard Hoffner,CA,Marina Del Rey,90292,4650 Lincoln Boulevard,Not in Sample,marinahospital.com,"33.98156,-118.43993",Single Location,B2C,$500.000 to $999.999,8011,6211110,Health Care and Social Assistance
Juan Bravo Drywalls,Building & Construction,"Plastering, Drywall, Acoustical, and Insulation Work",Dry Wall Contractors,Juan Braville,CA,Norwalk,90650,14815 Flatbush Avenue,Not in Sample,,"33.895955,-118.106694",Single Location,B2B,$100.000 to $499.999,1742,238310,Construction
Gardner Automotive Comms Inc,Professional Services,Management Consulting Services,Marketing Programs and Services,"Dan Gardner, President",CA,Redondo Beach,90277,553 North Pacific Coast Highway,Not in Sample,gardnerautocomm.com,"33.831502,-118.384934",Single Location,B2B,$500.000 to $999.999,8742,5416130,"Professional, Scientific, and Technical Services"
Drw Inc,Building & Construction,"Special Trade Contractors, NEC",Contractors,Scott Gerber,CA,Gardena,90249,1734 West 139th St,Not in Sample,,"33.905413,-118.308975",Single Location,B2B,$100.000 to $499.999,1799,238990,Construction
Girls & Boys Town,Associations/Non-Profits,Individual and Family Social Services,Youth Organizations and Centers,,CA,Compton,90220,15116 South Gibson Avenue East,Not in Sample,,"33.88546,-118.2345",Single Location,B2C,Unknown,8322,6241100,Health Care and Social Assistance
Ultimate Fitness Center,Healthcare,Offices and Clinics of Doctors of Medicine,Clinics,,CA,Torrance,90501,1311 West 228th St.,Not in Sample,,,Single Location,B2C,$100.000 to $499.999,8011,621111,Health Care and Social Assistance
Elite Model Management Inc,Printing & Publishing,Help Supply Services,Modeling Agencies,"Philippe Pozach, Manager",CA,Beverly Hills,90210,345 North Maple Drive # 176,Not in Sample,elitemodel.com,"34.073943,-118.39356",Single Location,B2B,$100.000 to $499.999,7363,5613300,Administrative and Support and Waste Management and Remediation Services
Grand New Bargain,Shopping & Stores,"Miscellaneous Retail Stores, NEC",Miscellaneous Retail Stores (Unclassified),,CA,Los Angeles,90032,4760 Templeton St,Not in Sample,,,Single Location,B2C,$50.000 to $99.999,5999,453998,Retail Trade
House of Spirits,Shopping & Stores,Liquor Stores,Liquor Stores,James Wu,CA,Los Angeles,90026,1314 Echo Park Avenue,Not in Sample,houseofspiritsliquor.com,"34.0774,-118.25689",Single Location,B2C,$500.000 to $999.999,5921,4453100,Retail Trade
Sepi's Giant Submarines,Restaurants & Bars,Restaurants,Sandwiches,Jay Wong,CA,Los Angeles,90024,10968 Le Conte Avenue,Not in Sample,sepiswestwood.com,"34.06357,-118.44783",Single Location,B2C,$100.000 to $499.999,5812,7225111,Accommodation and Food Services
Store Fixtures Specialist,Shopping & Stores,Furniture Stores,Customized Furniture and Cabinets,Adeline Kedn,CA,Artesia,90701,17023 Roseton Avenue,Not in Sample,,,Single Location,B2C,$100.000 to $499.999,5712,337110,Manufacturing
Magno Realty Group,Real Estate,Real Estate Agents and Managers,Real Estate,Robert Silverman,CA,Los Angeles,90067,1901 Avenue Of The Stars 2nd Floor,Not in Sample,magnorealtygroup.com,"34.05962,-118.41692",Headquarters,BOTH,$1.000.000 to $2.499.999,,,
Local Net,Building & Construction,Concrete Work,Concrete Contractors,,CA,Long Beach,90805,,Not in Sample,localnet.com,,Branch,B2B,$1.000.000 to $2.499.999,1771,5182101,Information
Millennium Dental Technologies,Medical Equipment & Device,Dental Equipment and Supplies,Dental Equipment Manufacturers,"Michael Minailo, Owner",CA,Cerritos,90703,20130 State Road,Not in Sample,lanap.com,"33.84713,-118.09495",Single Location,B2B,$1.000.000 to $2.499.999,3843,3391140,Manufacturing
AAA Appliance Service,Shopping & Stores,Household Appliance Stores,Electric Household Appliances,"Gary Zaggs, Owner",CA,Los Angeles,90027,1551 North Western Avenue,Not in Sample,,"34.0999,-118.3094",Single Location,B2C,$1.000.000 to $2.499.999,5722,2382200,Construction
Branches Of Love,Other Business Services,"Business Services, NEC",Unclassified,Pat Thorn,CA,San Pedro,90731,247 West 12th St,Not in Sample,,"33.733182,-118.282548",Single Location,B2B,$50.000 to $99.999,7389,561990,Administrative and Support and Waste Management and Remediation Services
Sigma Micro Systems Inc,Computer Software,Computer Programming Services,Computer Services,"Massoud Shirazian, Owner",CA,Torrance,90503,3655 Torrance Boulevard # 470,Not in Sample,floorestimator.com,"33.837606,-118.35026",Single Location,BOTH,$100.000 to $499.999,7371,5415110,"Professional, Scientific, and Technical Services"
Shogun-pop,Other Business Services,"Business Services, NEC",Business Services (Unclassified),alex yi,CA,Torrance,90504,18001 crenshaw blvd.#c,Not in Sample,shogun-pop.com,"33.86716,-118.3263",Single Location,B2B,Unknown,,,
Monico Alloys Inc,Environmental Markets,Scrap and Waste Materials,Wholesale Scrap Metals and Iron,Jason D Zenk,CA,Compton,90220,2301 East 15th St,Not in Sample,monicoalloys.com,"33.88713,-118.2371",Single Location,B2B,$100.000 to $499.999,5093,423930,Wholesale Trade
J H Demolition,Building & Construction,Wrecking and Demolition Work,Demolition Contractors,Martin Rivas,CA,Compton,90220,921 West Cedar St,Not in Sample,,,Single Location,B2B,$100.000 to $499.999,1795,238910,Construction
Salon Centric,Shopping & Stores,"Miscellaneous Retail Stores, NEC",Miscellaneous Retail Stores (Unclassified),"Jennifer Padilla, Manager",CA,Downey,90241,8605 Firestone Boulevard,Not in Sample,saloncentric.com,"33.93734,-118.12742",Branch,B2C,$5.000.000 to $9.999.999,5999,4461200,Retail Trade
"Nu Yu Med Spa, Paramount, CA, Dr. Roya Masoud",Consumer Services,Beauty Shops,Skin Treatments,,CA,Paramount,90723,"16415 Colorado Ave., Suite 410",Not in Sample,nuyumedspa.com,"33.899,-118.1651",Single Location,B2C,Unknown,,,
Ivie League Christian Pre,Consumer Services,Child Day Care Services,Pre-Schools,Mercedes Hornsby,CA,Los Angeles,90043,4843 Crenshaw Boulevard,Not in Sample,,"33.998711,-118.331158",Single Location,B2C,$500.000 to $999.999,8351,624410,Health Care and Social Assistance
R Sonia Batra Md,Healthcare,Offices and Clinics of Doctors of Medicine,Doctors,R Batra,CA,Santa Monica,90404,2021 Santa Monica Boulevard 600e,Not in Sample,batraskincare.com,"34.02933,-118.479433",Single Location,B2C,$100.000 to $499.999,8011,621111,Health Care and Social Assistance
Bruce Martin Design,Building & Construction,"General Contractors-Nonresidential Buildings, Other than Industrial Buildings an",Building Contractors,"Bruce Martin, Owner",CA,Malibu,90265,27162 Sea Vista Drive,Not in Sample,brucemartin.net,"34.026728,-118.764887",Single Location,B2B,$1.000.000 to $2.499.999,1542,2362200,Construction
Magna Carta Companies Inc,Insurance,"Fire, Marine, and Casualty Insurance","Fire, Marine, and Casualty Insurance",Gary Waeldin,CA,Los Angeles,90025,11755 Wlshre Boulevard # 1850,Not in Sample,mcarta.com,"34.048597,-118.462173",Branch,B2B,Unknown,6331,524126,Finance and Insurance
Pisegna Joseph R MD,Healthcare,Offices and Clinics of Doctors of Medicine,Doctors,Joseph Pisegna,CA,Los Angeles,90073,11301 Wilshire Boulevard,Not in Sample,,"34.054826,-118.454011",Single Location,B2C,$500.000 to $999.999,8011,6211110,Health Care and Social Assistance
Ucla West Washington,Healthcare,Offices and Clinics of Doctors of Medicine,Family Practice Doctors,"Ken Matthews, Office Manager",CA,Los Angeles,90066,11303 West Washington Boulevard # 100,Not in Sample,uclahealth.org,"34.00401,-118.414567",Single Location,B2C,$2.500.000 to $4.999.999,8011,6211110,Health Care and Social Assistance
Li Jason Xinyu,Legal,Legal Services,Lawyers and Attorneys,Jason Xinyu Li,CA,Los Angeles,90017,865 South Figueroa St # 1388,Not in Sample,steinshostak.com,"34.046507,-118.26261",Single Location,BOTH,$100.000 to $499.999,8111,5411100,"Professional, Scientific, and Technical Services"
Bellflower City,Housing,Administration of Urban Planning and Community and Rural Development,"Land Redevelopment Agency, Government","Tae Vrhe, Director",CA,Bellflower,90706,16600 Civic Center Drive,Not in Sample,bellflower.org,"33.88353,-118.12223",Single Location,B2B,Unknown,9532,9211200,Public Administration
Silicon Planet,Other Business Services,"Business Services, NEC",Promotions and Fund Raising,Joshua Marks,CA,Los Angeles,90036,5670 Wilshire Boulevard,Not in Sample,,"34.062239,-118.351729",Single Location,B2B,$50.000 to $99.999,7389,561990,Administrative and Support and Waste Management and Remediation Services
Galaxe Communications,Media,Motion Picture and Video Tape Production,Motion Picture Producers and Studios,"Joseph Svezia, Manager",CA,El Segundo,90245,511 Oregon St,Not in Sample,bbqjoe.com,"33.922843,-118.402795",Single Location,B2B,$2.500.000 to $4.999.999,7812,5179190,Information
Rgl Forensics,Associations/Non-Profits,Professional Membership Organizations,Accounting Association,"Allan Lurie, Partner",CA,Los Angeles,90017,800 South Figueroa St # 980,Not in Sample,rgl.com,"34.0475245,-118.2611342",Branch,B2B,$500.000 to $999.999,,,
Snow Promotions,Professional Services,Public Relations Services,Promotion Services,Robin L Snow,CA,Bellflower,90706,16910 Ardmore Avenue,Not in Sample,,"33.880377,-118.128964",Single Location,B2B,$100.000 to $499.999,8743,541820,"Professional, Scientific, and Technical Services"
Briter Smile Dental Group,Healthcare,Offices and Clinics of Dentists,"Group and Corporate Practice, Dentist","Vahid Alavian, Office Manager",CA,Los Angeles,90042,4905 York Boulevard,Not in Sample,,"34.12187,-118.2087",Single Location,B2B,$500.000 to $999.999,8021,6212100,Health Care and Social Assistance
I-On,Shopping & Stores,"Miscellaneous Retail Stores, NEC",Miscellaneous Retail Stores (Unclassified),Kiho Song,CA,Los Angeles,90021,1015 Crocker St # Q04,Not in Sample,,,Single Location,B2C,$100.000 to $499.999,5999,453998,Retail Trade
Brew Media Relations,Professional Services,Public Relations Services,Public Relations Counselors,"Dena Cook, Partner",CA,Santa Monica,90405,2110 Main St # 201,Not in Sample,brewpr.com,"34.00611,-118.48756",Single Location,B2B,$1.000.000 to $2.499.999,8743,5418200,"Professional, Scientific, and Technical Services"
Robert D Brundin Dds Inc,Healthcare,Offices and Clinics of Dentists,Dentist Offices,Robert D Brundin Dds,CA,Torrance,90505,3640 Lomita Boulevard # 301,Not in Sample,,"33.814716,-118.34884",Single Location,B2B,$100.000 to $499.999,8021,621210,Health Care and Social Assistance
Japan Tobacco International U S A Inc,Other Consumer Products & Services,Tobacco and Tobacco Products,Wholesale Cigar Cigarette and Tobacco Dealers,Perry Battle,CA,Torrance,90501,2441 West 205th St # C204,Not in Sample,jti.com,,Branch,B2B,Unknown,5194,424940,Wholesale Trade
Pentimento At Lacma,Restaurants & Bars,Restaurants,Restaurants,,CA,Los Angeles,90036,5905 Wilshire Boulevard,Not in Sample,lacma.org,"34.0627,-118.3581",Single Location,B2C,$100.000 to $499.999,5812,7225111,Accommodation and Food Services
Beverly Wood Dental,Healthcare,Offices and Clinics of Dentists,Dentists,"William Watson, Principal",CA,Los Angeles,90034,8515 Venice Boulevard,Not in Sample,beverlywooddental.com,"34.03521,-118.37818",Single Location,B2C,$500.000 to $999.999,8021,6212100,Health Care and Social Assistance
Elixair Medical Inc,Shopping & Stores,"Miscellaneous Retail Stores, NEC",Medical Apparatus and Supplies,Jason Karsaad,CA,Santa Fe Springs,90670,12035 Burke St # 13,Not in Sample,elixair.net,,Branch,B2C,Unknown,5999,446199,Retail Trade
Norm Zadeh Inc,Other Business Services,"Business Services, NEC",Unclassified,Norm Zadeh,CA,Beverly Hills,90210,1101 Shadow Hill Way,Not in Sample,,"34.090802,-118.41531",Single Location,B2B,$100.000 to $499.999,7389,561990,Administrative and Support and Waste Management and Remediation Services
Synergic Security Services,Other Business Services,"Services, NEC",Services (Unclassified),,CA,Los Angeles,90020,526 South Ardmore Avenue Apartment 320,Not in Sample,,,Single Location,B2B,$0 to $49.999,8999,541990,"Professional, Scientific, and Technical Services"
Animal Medical Ctr-Southern CA,Healthcare,Offices and Clinics of Doctors of Medicine,Medical Centers,"Alan Schulman, Owner",CA,Los Angeles,90064,2340 South Sepulveda Boulevard,Not in Sample,animalmedcenter.com,"34.0377,-118.43568",Single Location,B2C,$2.500.000 to $4.999.999,8011,5419400,"Professional, Scientific, and Technical Services"
Field Entertainment Inc,Travel & Leisure,"Bands, Orchestras, Actors, and Other Entertainers and Entertainment Groups",Entertainment Bureaus,Cathy Field,CA,West Hollywood,90069,1240 North Wetherly Drive,Not in Sample,,"34.093208,-118.388517",Single Location,B2C,$100.000 to $499.999,7929,7111900,"Arts, Entertainment, and Recreation"
Samuel Airiev,Travel & Leisure,"Amusement and Recreation Services, NEC","Amusement and Recreation, Nec",Samuel Airiev,CA,Los Angeles,90036,425 South Fairfax Avenue,Not in Sample,,,Single Location,B2C,$100.000 to $499.999,7999,711219,"Arts, Entertainment, and Recreation"
Food Chain Workers Alliance Inc,Associations/Non-Profits,"Membership Organizations, NEC",Organizations,Joann Lo,CA,Los Angeles,90015,1730 West Olympic Boulevard # 300,Not in Sample,foodchainworkers.org,"34.050053,-118.276476",Single Location,BOTH,$100.000 to $499.999,8699,813410,Other Services (except Public Administration)
Denice M Kuper Law Office,Legal,Legal Services,Legal Services,"Denice Kuper, Owner",CA,Long Beach,90807,4344 Atlantic Avenue,Not in Sample,workerscomp.org,"33.83542,-118.18489",Single Location,BOTH,$100.000 to $499.999,8111,5411100,"Professional, Scientific, and Technical Services"
Perfumania,Shopping & Stores,"Miscellaneous Retail Stores, NEC",Perfume Stores,"Tina Mc Coy, Site Manager",CA,Culver City,90230,294 Fox Hills Mall,Not in Sample,perfumania.com,"33.98523,-118.39513",Branch,B2C,$1.000.000 to $2.499.999,5999,4461200,Retail Trade
Uniwell Corp,Real Estate,"Land Subdividers and Developers, Except Cemeteries",Real Estate Developers,"Frances Castanon, Administrator",CA,Carson,90745,21172 Figueroa St,Not in Sample,uniwell.com,"33.840389,-118.285822",Single Location,B2B,$2.500.000 to $4.999.999,6552,2362200,Construction
University Park Dialysis,Healthcare,Kidney Dialysis Centers,Kidney Dialysis Centers,"Tim Bratton, Administrator",CA,Los Angeles,90037,3986 South Figueroa St,Not in Sample,davita.com,"34.01153,-118.28268",Single Location,B2C,$5.000.000 to $9.999.999,8092,6214920,Health Care and Social Assistance
Vanilla Vision Inc,Healthcare,Offices and Clinics of Optometrists,Optometrists,Sarah Aquel,CA,West Hollywood,90069,8780 Shoreham Drive Apartment 215,Not in Sample,vanillavision.com,"34.092167,-118.382856",Single Location,B2C,$100.000 to $499.999,8042,621320,Health Care and Social Assistance
Stockdale Professional,Other Business Services,"Business Services, NEC",Unclassified,,CA,Los Angeles,90045,7919 Beland Avenue,Not in Sample,,,Single Location,B2B,$50.000 to $99.999,7389,561990,Administrative and Support and Waste Management and Remediation Services
Pinoy Pinay Filipino Fast Food Restaurant,Restaurants & Bars,Restaurants,Ethnic Food Restaurants,Marlo Cruz,CA,Cerritos,90703,11900 South St # 108,Not in Sample,pinoy-pinay.com,"33.858343,-118.08005",Single Location,B2C,$500.000 to $999.999,5812,722511,Accommodation and Food Services
Laura R Lefkowitz Dpm,Healthcare,Offices and Clinics of Podiatrists,Podiatrists,Laura R Lefkowitz,CA,Los Angeles,90024,1600 Pandora Avenue,Not in Sample,,"34.059518,-118.426008",Single Location,B2C,$100.000 to $499.999,8043,621391,Health Care and Social Assistance
Royalty Inn,Travel & Leisure,Hotels and Motels,Inns,"Michelle Smith, Manager",CA,Bellflower,90706,8730 Artesia Boulevard,Not in Sample,royaltyinnbellflower.com,"33.874687,-118.14658",Single Location,B2C,$500.000 to $999.999,7011,7211100,Accommodation and Food Services
Fulfillment Express Inc,Warehousing & Storage,General Warehousing and Storage,Household and Commercial Storage,"Dieter Ammann, Owner",CA,Pico Rivera,90660,7271 Paramount Boulevard,Not in Sample,fex.com,"33.98344,-118.10831",Single Location,BOTH,$2.500.000 to $4.999.999,4225,5619900,Administrative and Support and Waste Management and Remediation Services
Dignity Health,Healthcare,Offices and Clinics of Doctors of Medicine,Pediatricians,Celia Castaneda,CA,Lynwood,90262,3628 East Imperial Highway # 303,Not in Sample,dignityhealth.org,"33.930623,-118.20437",Branch,B2C,Unknown,8011,621111,Health Care and Social Assistance
"Kerneliservices Temporary Fencing in Lynwood, CA",Other Business Services,"Business Services, NEC",Business Services (Unclassified),Luis Watts,CA,Lynwood,90262,3351 Virginia St.,Not in Sample,kerneliservices.com/fence-rental/ca-fence-rental/temporary-fences-in-lynwood-ca/,"33.9207,-118.21112",Single Location,B2B,Unknown,,,
Lacaffita Inc,Restaurants & Bars,Restaurants,Coffee Shops,Guity Lami,CA,Redondo Beach,90277,420 North Pacific Coast Highway,Not in Sample,,"33.84837,-118.38814",Single Location,B2C,$100.000 to $499.999,5812,722513,Accommodation and Food Services
24 Hour 7 Day Emergency Locksmith,Consumer Services,"Repair Shops and Related Services, NEC",Locks and Locksmiths,,CA,Harbor City,90710,1222 Pacific Coast Highway,Not in Sample,,,Single Location,B2C,$0 to $49.999,7699,561622,Administrative and Support and Waste Management and Remediation Services
Ingrid Snack Shop,Restaurants & Bars,Restaurants,Snack Shops,Tianyu Han,CA,Los Angeles,90015,934 South Los Angeles St,Not in Sample,,"34.040108,-118.254726",Single Location,B2C,Unknown,5812,722513,Accommodation and Food Services
Manhattan Beach Badminton Club,Travel & Leisure,Physical Fitness Facilities,Gymnasiums,Bob Davis,CA,Manhattan Beach,90266,516 18th St,Not in Sample,mbbadmintonclub.com,"33.89029,-118.40901",Single Location,B2C,Unknown,7991,8134100,Other Services (except Public Administration)
Cesar Chavez Liquor,Beverages,Wine and Distilled Alcoholic Beverages,Wholesale Liquors,Hour Lim,CA,Los Angeles,90063,3563 East Cesar East Chavez Avenue,Not in Sample,,"34.040655,-118.187207",Single Location,B2B,$100.000 to $499.999,5182,424820,Wholesale Trade
Extremely Clean Inc.,Automotive Services,Carwashes,Car Detail and Car Clean Up Services,Kirk Carlson,CA,Redondo Beach,90277,553 N Pacific Coast Hwy 324,Not in Sample,extremelycleandetail.com/,"33.850956,-118.389283",Single Location,BOTH,Unknown,,,
Northgate Market,Shopping & Stores,Grocery Stores,Grocery Stores,"John Rivera, Director",CA,South Gate,90280,2633 Santa Ana St,Not in Sample,northgatemarkets.com,"33.96522,-118.22386",Branch,B2C,$20.000.000 to $49.9999.999,5411,4451100,Retail Trade
Cafe At the End-the Universe,Restaurants & Bars,Restaurants,Cafes,"Ray Enriquez, Manager",CA,Los Angeles,90027,2800 East Observatory Avenue,Not in Sample,griffithobs.org,"34.12341,-118.30221",Single Location,B2C,$500.000 to $999.999,5812,7225111,Accommodation and Food Services
Qual Chem Pacific,Other Business Services,"Business Services, NEC",Unclassified,"Jose Rodogez, Manager",CA,Long Beach,90807,3955 California Avenue,Not in Sample,qcpacific.com,"33.831173,-118.180797",Single Location,B2B,$100.000 to $499.999,7389,5419900,"Professional, Scientific, and Technical Services"
Breathe California-Los Angeles,Other Public Sector,"Social Services, NEC",Fund Raising Counselors and Organizations,"Enrique Chiock, President",CA,Los Angeles,90036,5858 Wilshire Boulevard # 300,Not in Sample,breathela.org,"34.062356,-118.35628",Single Location,BOTH,Unknown,8399,8133190,Other Services (except Public Administration)
Harvelles Blues Club,Restaurants & Bars,Restaurants,Restaurants,"Christopher Clark, Owner",CA,Santa Monica,90401,1432 4th St,Not in Sample,harvelles.com,"34.01566,-118.49435",Single Location,B2C,$500.000 to $999.999,5812,7224100,Accommodation and Food Services
Doggies Ade,Nonclassifiable establishments,Nonclassifiable establishments,Nonclassified Establishments,"Angela Ade, Manager",CA,Los Angeles,90066,3791 Redwood Avenue Apartment 7,Not in Sample,doggiesade.com,"33.997882,-118.44586",Single Location,BOTH,Unknown,9999,9999900,Non Classified
Ay -Do-No,Other Consumer Products & Services,Cutlery,"Table and Food Cutlery, Including Butchers'",George Adanalyan,CA,Los Angeles,90028,5911 Hollywood Boulevard,Not in Sample,,"34.101807,-118.318215",Single Location,B2C,$50.000 to $99.999,3421,332215,Manufacturing
Mc Guire Woods Llp,Legal,Legal Services,Lawyers and Attorneys,"Davi Van Etten, Chief Executive Officer",CA,Los Angeles,90067,1800 Century Park East # 800,Not in Sample,mcguirewoods.com,"34.062831,-118.415835",Branch,BOTH,$20.000.000 to $49.9999.999,8111,5411100,"Professional, Scientific, and Technical Services"
Daily Donut House,Food,"Bread and Other Bakery Products, Except Cookies and Crackers",Doughnuts Manufacturers,"Kimse No, Owner",CA,Los Angeles,90018,1905 South Western Avenue # 20,Not in Sample,,"34.03978,-118.30904",Single Location,B2B,$100.000 to $499.999,2051,7225151,Accommodation and Food Services
Bailey & Partners,Legal,Legal Services,Lawyers and Attorneys,Patrick E. Bailey,CA,Santa Monica,90405,"2800 28th Street ,Suite -200<br/>Santa Monica, CA",Not in Sample,baileypartners.com/,"34.017914,-118.455322",Single Location,BOTH,Unknown,,,
Apparel Services International Inc,Shopping & Stores,Women's Clothing Stores,Women's Clothing Stores,Asher Peretz,CA,Los Angeles,90046,7576 Melrose Avenue,Not in Sample,,,Single Location,B2C,$100.000 to $499.999,5621,448120,Retail Trade
Wishible Professional Inc,Other Business Services,"Business Services, NEC",Unclassified,William Z Yan,CA,Cerritos,90703,19417 Stefani Avenue,Not in Sample,,"33.854208,-118.065665",Single Location,B2B,$100.000 to $499.999,7389,561990,Administrative and Support and Waste Management and Remediation Services
Hub International Ins Svc-CA,Insurance,"Insurance Agents, Brokers, and Service",Insurance Companies,,CA,Santa Monica,90405,2850 Ocean Park Boulevard # 200,Not in Sample,hubinternational.com,"34.018889,-118.455508",Branch,BOTH,$10.000.000 to $19.9999.999,6411,5242100,Finance and Insurance
B C Dance Productions Inc,Travel & Leisure,"Dance Studios, Schools, and Halls","Dance Studios, Schools, and Halls",Benny Corpos,CA,Los Angeles,90049,600 North Kenter Avenue,Not in Sample,,"34.069971,-118.48813",Single Location,B2C,$50.000 to $99.999,7911,611610,Educational Services
Pioneer Materials Inc,Fabrication,Plastics Materials and Basic Forms and Shapes,Plastics Materials and Basic Shapes,Leon Chiu,CA,Torrance,90505,3357 Candlewood Road,Not in Sample,pioneer-materials.com,"33.795781,-118.347453",Single Location,B2B,$100.000 to $499.999,5162,424610,Wholesale Trade
Sity Communications Inc,Shopping & Stores,"Miscellaneous Retail Stores, NEC",Telephone Equipment and Supplies,"Samson Kassaye, Owner",CA,Los Angeles,90025,1521 Beloit Avenue Apartment 1,Not in Sample,sitycom.com,"34.048623,-118.448898",Single Location,B2C,$5.000.000 to $9.999.999,5999,5418900,"Professional, Scientific, and Technical Services"
The Parlor Hair Designs In El Sereno,Consumer Services,Barber Shops,Barbers,Frank Garcia,CA,Los Angeles,90032,4979 Huntington Drive North,Not in Sample,elserenoscene.com,"34.08787,-118.174832",Single Location,B2C,$50.000 to $99.999,7241,812111,Other Services (except Public Administration)
Body by VI,Consumer Services,"Miscellaneous Personal Services, NEC",Weight Control Services,Dereck Christon,CA,Lakewood,90713,3717 E South St,Not in Sample,move.bodybyvi.com,"33.86011,-118.14959",Single Location,B2C,Unknown,,,
Western Fire Arms,Shopping & Stores,Auto and Home Supply Stores,Auto and Truck Equipment and Parts,"Aurelio Lopez, Owner",CA,Bell,90201,6621 Atlantic Avenue,Not in Sample,westernfirearmsinc.com,"33.9758,-118.18744",Single Location,B2C,$5.000.000 to $9.999.999,5531,4231400,Wholesale Trade
Valley Warehouse,Shopping & Stores,"Miscellaneous Retail Stores, NEC",Miscellaneous Retail Stores (Unclassified),Bob Davis,CA,Los Angeles,90021,746 South Alameda St,Not in Sample,,"34.031891,-118.238647",Single Location,B2C,$50.000 to $99.999,5999,453998,Retail Trade
Audio Visual Services Group Inc,Other Business Services,"Business Services, NEC","Advertising, Promotional, and Trade Show Services",Robert Ellis,CA,Long Beach,90802,111 West Ocean Boulevard # 1110,Not in Sample,psav.com,"33.767297,-118.193496",Headquarters,B2B,$20.000.000 to $49.9999.999,7389,561990,Administrative and Support and Waste Management and Remediation Services
Joseph Ford Inc,Healthcare,Offices and Clinics of Doctors of Medicine,Doctors,"Ledes Skider, Office Manager",CA,Torrance,90503,3475 Torrance Boulevard # H,Not in Sample,josephford.net,"33.83761,-118.34682",Single Location,B2C,$500.000 to $999.999,8011,6211110,Health Care and Social Assistance
Rudy Obrero,Printing & Publishing,Commercial Art and Graphic Design,Commercial Artists,"Rudy Obrero, Owner",CA,Los Angeles,90068,3400 Barham Boulevard,Not in Sample,rudyobrero.com,"34.134893,-118.3424",Single Location,B2B,$100.000 to $499.999,7336,5414300,"Professional, Scientific, and Technical Services"
Bamboo Management LLC,Professional Services,Management Services,Management Services,Heidi L Ifft,CA,Marina Del Rey,90292,17 Buccaneer St,Not in Sample,bamboomngmt.com,"33.97842,-118.465508",Single Location,B2B,$500.000 to $999.999,8741,561110,Administrative and Support and Waste Management and Remediation Services
Blue Leaf Financial Service Inc,Professional Services,Management Consulting Services,Financial Consultants,David J Gloshinski,CA,Los Angeles,90020,3923 West 6th St # 302,Not in Sample,blueleaffs.com,"34.063576,-118.30841",Single Location,B2B,$500.000 to $999.999,8742,5412110,"Professional, Scientific, and Technical Services"
Wesco Distribution Inc,Fabrication,"Electrical Apparatus and Equipment Wiring Supplies, and Construction Materials",Wholesale Electric Equipment and Supplies,Leslie Mccoy,CA,Santa Fe Springs,90670,10020 Freeman Avenue,Not in Sample,wesco.com,"33.946051,-118.058562",Branch,B2B,Unknown,5063,423610,Wholesale Trade
Kitchen Store,Shopping & Stores,Furniture Stores,Kitchen Cabinets and Equipment,Ken Bass,CA,Culver City,90230,6322 W Slauson Avenue,Not in Sample,thekitchenstore.net,"33.98869,-118.39594",Single Location,B2C,Unknown,,,
Rockman Company  U S A  Inc,Food,"Groceries and Related Products, NEC",Grocery Distributor,Vincent Luu,CA,Los Angeles,90040,6425 Randolph Street,Not in Sample,rockmanusa.com,"33.97756,-118.1455",Single Location,BOTH,Unknown,,,
Vera Markowitz,Other Business Services,"Business Services, NEC",Unclassified,Vera Markowitz,CA,Beverly Hills,90210,715 North Arden Drive,Not in Sample,,"34.087428,-118.396822",Single Location,B2B,$100.000 to $499.999,7389,561990,Administrative and Support and Waste Management and Remediation Services
Earth Wise Nutrition Center,Shopping & Stores,Miscellaneous Food Stores,Vitamins,"Lois Hebert, Site Manager",CA,Manhattan Beach,90266,3010 North Sepulveda Boulevard,Not in Sample,earthwisevitamins.com,"33.89791,-118.39595",Branch,B2C,$100.000 to $499.999,5499,4461910,Retail Trade
Mc Nicholas Law Office,Legal,Legal Services,Legal Services,John Mcnicholas,CA,Manhattan Beach,90266,599 33rd St,Not in Sample,mcnicholaslawoffice.com,"33.899206,-118.409866",Single Location,BOTH,$100.000 to $499.999,8111,541110,"Professional, Scientific, and Technical Services"
Fantastic Sams,Consumer Services,Beauty Shops,Hair Treatments,"Amy Vazin, Owner",CA,San Pedro,90732,980 North Western Avenue # F,Not in Sample,fantasticsams.com,"33.75127,-118.30892",Branch,B2C,$100.000 to $499.999,7231,8121120,Other Services (except Public Administration)
BSwagg,Travel & Leisure,Theatrical Producers (Except Motion Picture) and Miscellaneous Theatrical Servic,Professional Talent Management,Mike Butler,CA,Los Angeles,90046,2000 Hollywood blvd,Not in Sample,b-swagg.com,"34.1016539,-118.3545941",Single Location,B2B,Unknown,,,
Langer Greg R,Legal,Legal Services,Lawyers and Attorneys,Greg Langer,CA,West Hollywood,90069,9200 West Sunset Boulevard # 900,Not in Sample,rpblaw.com,"34.090446,-118.3926",Single Location,BOTH,$100.000 to $499.999,8111,5411100,"Professional, Scientific, and Technical Services"
London Market & Liquor,Beverages,Wine and Distilled Alcoholic Beverages,Wholesale Liquors,Mandana Sanjari,CA,Lynwood,90262,10539 Long Beach Boulevard,Not in Sample,,"33.93813,-118.214",Single Location,B2B,$100.000 to $499.999,5182,4453100,Retail Trade
Bina Babak DO,Healthcare,Offices and Clinics of Doctors of Medicine,Doctors,Babak Bina,CA,Downey,90242,7601 Imperial Highway,Not in Sample,rancho.org,"33.92639,-118.15639",Single Location,B2C,$500.000 to $999.999,8011,6211110,Health Care and Social Assistance
U-Haul,Passenger Car Leasing,"Truck Rental and Leasing, Without Drivers",Truck Renting and Leasing,"Martin Lara, President",CA,Los Angeles,90058,1710 East Vernon Avenue,Not in Sample,uhaul.com,"34.00386,-118.24273",Branch,BOTH,$5.000.000 to $9.999.999,7513,5321201,Real Estate and Rental and Leasing
Laser Printer Service,Computer Hardware,Computer Maintenance and Repair,Computer Repair Services,,CA,Beverly Hills,90210,,Not in Sample,laserprinterservices.com,,Single Location,BOTH,$100.000 to $499.999,7378,8112120,Other Services (except Public Administration)
Eat N High,Restaurants & Bars,Restaurants,Thai Restaurants,Narwarat Chuenpratum,CA,Los Angeles,90029,4501 Fountain Avenue,Not in Sample,eatnhighthai.dinehere.us,,Single Location,B2C,$100.000 to $499.999,5812,722511,Accommodation and Food Services
Id Modeling Inc,Computer Software,Prepackaged Software,Prepackaged Software,Paul Haussen,CA,Arcadia,91006,55 East Huntington Drive # 130,Not in Sample,idmodeling.com,"34.140212,-118.028712",Single Location,BOTH,$500.000 to $999.999,7372,511210,Information
Heart Of The Phoenix,Professional Services,Management Consulting Services,Business Management Consultants,Jennifer Donhauser,CA,Long Beach,90805,5501 Lewis Avenue,Not in Sample,,"33.856384,-118.180227",Single Location,B2B,$100.000 to $499.999,8742,541611,"Professional, Scientific, and Technical Services"
Nathaniel Thomas Clinical,Healthcare,"Specialty Outpatient Facilities, NEC",Outpatient Services,Nathaniel Thomas,CA,Inglewood,90305,3015 West 90th St,Not in Sample,nathanielthomasphd.com,"33.95621,-118.32575",Single Location,B2C,$500.000 to $999.999,8093,6222100,Health Care and Social Assistance
Turnino Point Family Services,Associations/Non-Profits,Individual and Family Social Services,Marriage and Family Counselors,Noemi Urgiles,CA,Carson,90746,320 East 189th St,Not in Sample,,"33.858905,-118.270577",Single Location,B2C,$100.000 to $499.999,8322,624190,Health Care and Social Assistance
Ahf Pharmacy,Shopping & Stores,Used Merchandise Stores,Thrift Shops,Michael Weinstein,CA,Los Angeles,90028,6210 West Sunset Boulevard,Not in Sample,ahfpharmacy.org,"34.09796,-118.32416",Single Location,B2C,Unknown,5932,4461100,Retail Trade
Enterprise Rent-A-Car,Passenger Car Leasing,Passenger Car Rental,Automobile Renting and Leasing,"Benjamin Milgram, Site Manager",CA,Long Beach,90804,4511 East Pacific Coast Highway,Not in Sample,enterprise.com,"33.78852,-118.14034",Branch,BOTH,$1.000.000 to $2.499.999,7514,5321110,Real Estate and Rental and Leasing
Realtor One/Mortgage America,Real Estate,Real Estate Agents and Managers,Real Estate,haim younessian,CA,Los Angeles,90035,,Not in Sample,,,Single Location,BOTH,Unknown,,,
Olivia's Nutritional Center,Shopping & Stores,Miscellaneous Food Stores,Health Food Stores,,CA,Hawthorne,90250,12804 Inglewood Avenue,Not in Sample,,,Single Location,B2C,$100.000 to $499.999,5499,446191,Retail Trade
Zowie's Custom Painting,Building & Construction,Painting and Paper Hanging,Painters,Zvonimir Nikolic,CA,Whittier,90605,13544 La Forge St,Not in Sample,,,Single Location,BOTH,$100.000 to $499.999,1721,238320,Construction
Barwick Studios LLC,Consumer Services,"Miscellaneous Personal Services, NEC",Apartment Locating Services,Deborah Mills,CA,Los Angeles,90039,4585 Electronics Place,Not in Sample,,,Single Location,B2C,$50.000 to $99.999,7299,812990,Other Services (except Public Administration)
Central Juvenile Hall Library,Educational Services,Elementary and Secondary Schools,Elementary and Secondary Schools,Denise Miranda,CA,Los Angeles,90033,1605 Eastlake Avenue,Not in Sample,lacoe.edu,"34.0627,-118.20526",Branch,B2C,Unknown,8211,5191200,Information
It's Always Summer - Organic Spray Tanning & Sugaring Hair Removal,Consumer Services,"Miscellaneous Personal Services, NEC",Tanning Salons,Colette Nitzberg,CA,Torrance,90503,4825 Torrance Blvd #15,Not in Sample,itsalwayssummerbeauty.com/,"33.838039999999999,-118",Single Location,B2C,Unknown,,,
English Laundry & Rock N Roll,Consumer Services,Coin-Operated Laundries and Drycleaning,Coin-Operated Laundries and Cleaning,"Alexis Milligan, Manager",CA,Los Angeles,90046,7519 Melrose Avenue,Not in Sample,,"34.08367,-118.35357",Single Location,B2C,$100.000 to $499.999,7215,8123200,Other Services (except Public Administration)
Portillo Productions,Media,Motion Picture and Video Tape Production,Motion Picture Producers and Studios,Vince Portillo,CA,Lakewood,90713,5702 Eckleson St,Not in Sample,portilloproductions.com,"33.848474,-118.121334",Single Location,B2B,$0 to $49.999,7812,512110,Information
G&G Auto Exchange,Automotive Services,Motor Vehicle Dealers (New and Used),Used Car Dealers,,CA,Los Angeles,90033,2925 East Cesar East Chavez Avenue,Not in Sample,,,Single Location,BOTH,Unknown,5511,441110,Retail Trade
Jung Ja Lee,Restaurants & Bars,Restaurants,Independent Family Restaurants,Jung Ja Lee,CA,Altadena,91001,2560 Fair Oaks Avenue,Not in Sample,altadena.patch.com,"34.189487,-118.149576",Single Location,B2C,$100.000 to $499.999,5812,722511,Accommodation and Food Services
Blake Electrical,Electrical,Electrical Work,Electrical Contractors,Wayne Blake,CA,Long Beach,90805,601 East Viaduct Barola,Not in Sample,blakeelectrical.com,"33.848827,-118.184124",Branch,B2B,Unknown,1731,238210,Construction
Jimmy Harris Cindy Lu,Consumer Services,Beauty Shops,Beauty Salons,Cindy Lu,CA,Los Angeles,90037,4411 South Normandie Avenue,Not in Sample,,,Single Location,B2C,$50.000 to $99.999,7231,812112,Other Services (except Public Administration)
Regent Studios LLC,Media,Motion Picture and Video Tape Production,Film Studio Production Facilities,,CA,Los Angeles,90024,10940 Wilshire Boulevard # 1600,Not in Sample,regententertainment.com,"34.058374,-118.44518",Single Location,B2B,Unknown,7812,5121100,Information
Broad Art Foundation,Associations/Non-Profits,"Membership Organizations, NEC",Organizations,"Vicki Gambill, Director",CA,Los Angeles,90024,10900 Wilshire Boulevard Floor 12,Not in Sample,broadartfoundation.org,"34.058694,-118.44398",Single Location,BOTH,Unknown,8699,8133190,Other Services (except Public Administration)
Doc Auto Inc,Professional Services,Management Consulting Services,Business Management Consultants,,CA,Los Angeles,90015,645 West 9th St # 110,Not in Sample,docauto.com,"34.045469,-118.260798",Branch,B2B,$500.000 to $999.999,8742,4431424,Retail Trade
Casa Latino Real Estate,Real Estate,Real Estate Agents and Managers,Real Estate Buyers Representatives,Robert Olson,CA,Long Beach,90814,645 Park Avenue,Not in Sample,,,Single Location,BOTH,$100.000 to $499.999,6531,531210,Real Estate and Rental and Leasing
Rexnord Industries LLC,Machinery & Equipment,"Mechanical Power Transmission Equipment, NEC","Couplings, Shaft: Rigid, Flexible, Universal Joint, Etc.",Charles Jones,CA,Santa Fe Springs,90670,14434 Best Avenue,Not in Sample,aerospace.rexnord.com,,Branch,B2B,Unknown,3568,333613,Manufacturing
Airport Chatter LLC,Consumer Services,"Miscellaneous Personal Services, NEC",Consumer Information Services,Mark Wagner,CA,Los Angeles,90035,1484 South Beverly Drive Apartment 311,Not in Sample,airportchatter.com,"34.052577,-118.395224",Single Location,B2C,$100.000 to $499.999,7299,812990,Other Services (except Public Administration)
payday services,Other Business Services,"Business Services, NEC",Business Services (Unclassified),Louise Easley,CA,Norwalk,90650,11165 firestone Blvd.,Not in Sample,internetpaydaysystem.com/wanna123,"33.920961320400,-118.09",Single Location,B2B,Unknown,,,
Tridas Productions LLC,Media,Motion Picture and Video Tape Distribution,Motion Picture and Tape Distributors,James D Pacitti,CA,Los Angeles,90046,7400 Hollywood Boulevard # 425,Not in Sample,,,Single Location,B2B,$100.000 to $499.999,7822,512120,Information
Associated Students CA State,Associations/Non-Profits,"Civic, Social, and Fraternal Associations",University Club,"Richard Haller, Executive",CA,Long Beach,90815,1212 North Bellflower Boulevard,Not in Sample,,"33.781764,-118.12227",Single Location,B2C,Unknown,8641,6113100,Educational Services
Laukenmann Chris B,Legal,Legal Services,Law Firms and Law Offices,Chris Laukenmann,CA,Los Angeles,90017,725 South Figueroa St,Not in Sample,pillsburylaw.com,"34.049068,-118.260182",Single Location,B2B,$100.000 to $499.999,8111,5411100,"Professional, Scientific, and Technical Services"
Pollak Vida & Fisher,Legal,Legal Services,Lawyers and Attorneys,"Michael Pollak, Partner",CA,Los Angeles,90064,11150 West Olympic Boulevard # 980,Not in Sample,pvandf.com,"34.03983,-118.438476",Single Location,BOTH,$2.500.000 to $4.999.999,8111,5411100,"Professional, Scientific, and Technical Services"
Bail Unit Bail Bonds,Insurance,Surety Insurance,Bail Bonds,"Eddie Guerrero, Manager",CA,Whittier,90606,7124 Lynalan Avenue,Not in Sample,bailunitbailbonds.com,"33.977782,-118.05642",Single Location,B2C,$2.500.000 to $4.999.999,6351,5241260,Finance and Insurance
Hot's Kitchen,Restaurants & Bars,Restaurants,American Restaurants,"Christina Parrott, Manager",CA,Hermosa Beach,90254,844 Hermosa Avenue,Not in Sample,hotskitchen.com,"33.859754,-118.39929",Single Location,B2C,$500.000 to $999.999,5812,3371100,Manufacturing
Bair's Keystone Body & Pntng,Nonclassifiable establishments,Nonclassifiable establishments,Nonclassified Establishments,,CA,Santa Monica,90401,1314 7th St,Not in Sample,,"34.019359,-118.493155",Single Location,BOTH,Unknown,9999,9999900,Non Classified
American Gourmet Products,Restaurants & Bars,Confectionery,Snack Foods,"Tom Anderson, Owner",CA,Lakewood,90714,Po Box 1273,Not in Sample,americangourmetjerky.com,"33.85183,-118.13395",Single Location,B2C,$100.000 to $499.999,5145,4452991,Retail Trade